City_ID,City,Lat,Lng,Max Temp,Humidity,Cloudiness,Wind Speed,Country,Current Description
0,Albany,42.6001,-73.9662,53.37,47,5,1.01,US,clear sky
1,Olafsvik,64.8945,-23.7142,42.4,74,89,14.2,IS,overcast clouds
2,Matara,5.9485,80.5353,76.24,87,100,1.9,LK,moderate rain
3,Ushuaia,-54.8,-68.3,58.66,55,75,14.97,AR,broken clouds
4,Avarua,-21.2078,-159.775,77.05,65,75,8.05,CK,broken clouds
5,Vaini,-21.2,-175.2,80.76,74,20,6.91,TO,few clouds
6,Samarai,-10.6167,150.6667,84.15,69,33,7.7,PG,scattered clouds
7,Carnarvon,-24.8667,113.6333,69.44,58,0,13.94,AU,clear sky
8,Bailen,38.0964,-3.7779,58.48,50,6,1.61,ES,clear sky
9,Kapaa,22.0752,-159.319,84.18,72,20,13.8,US,few clouds
10,La Romana,18.4273,-68.9728,77.36,100,75,0.0,DO,broken clouds
11,Rikitea,-23.1203,-134.9692,73.65,92,100,18.95,PF,light rain
12,Hilo,19.7297,-155.09,82.13,74,40,9.22,US,scattered clouds
13,Leshukonskoye,64.8989,45.7622,34.95,99,100,5.46,RU,overcast clouds
14,Butaritari,3.0707,172.7902,80.37,75,29,6.4,KI,scattered clouds
15,Nanortalik,60.1432,-45.2371,28.29,87,100,3.44,GL,overcast clouds
16,Necochea,-38.5473,-58.7368,64.85,41,0,18.16,AR,clear sky
17,Sur,22.5667,59.5289,81.07,60,96,8.46,OM,overcast clouds
18,Copiapo,-27.3667,-70.3333,55.09,65,96,2.98,CL,overcast clouds
19,Chokurdakh,70.6333,147.9167,-11.76,96,63,11.39,RU,broken clouds
20,Saint George,37.1041,-113.5841,67.95,35,0,14.97,US,clear sky
21,Kolokani,13.5728,-8.0339,73.74,23,37,8.59,ML,scattered clouds
22,Port Elizabeth,-33.918,25.5701,62.31,88,0,16.11,ZA,clear sky
23,Bluff,-46.6,168.3333,65.8,67,87,6.85,NZ,overcast clouds
24,Jamestown,42.097,-79.2353,49.59,63,0,8.05,US,clear sky
25,West Wendover,40.7391,-114.0733,43.81,57,75,8.05,US,broken clouds
26,Puerto Ayora,-0.7393,-90.3518,67.55,85,91,4.0,EC,overcast clouds
27,Hithadhoo,-0.6,73.0833,81.95,76,13,18.81,MV,few clouds
28,Kununurra,-15.7667,128.7333,94.98,41,50,8.05,AU,scattered clouds
29,Flinders,-34.5833,150.8552,70.25,59,51,8.66,AU,broken clouds
30,Doha,25.2867,51.5333,84.09,76,0,6.91,QA,clear sky
31,Broken Hill,-31.95,141.4333,76.51,34,99,8.01,AU,overcast clouds
32,Mataura,-46.1927,168.8643,65.48,38,71,3.87,NZ,broken clouds
33,Hovd,48.0056,91.6419,34.59,45,99,9.8,MN,overcast clouds
34,Henties Bay,-22.116,14.2845,61.38,90,2,4.25,NA,clear sky
35,Hermanus,-34.4187,19.2345,59.72,87,40,7.14,ZA,scattered clouds
36,Busselton,-33.65,115.3333,63.25,65,97,9.8,AU,overcast clouds
37,Bad Bevensen,53.0833,10.5833,55.6,83,82,9.66,DE,broken clouds
38,Tautira,-17.7333,-149.15,76.42,84,26,13.15,PF,scattered clouds
39,Soria,41.6667,-2.6667,47.86,100,60,3.94,ES,broken clouds
40,Marzuq,14.4,46.4667,64.98,70,0,3.94,YE,clear sky
41,Grindavik,63.8424,-22.4338,42.75,87,75,16.11,IS,broken clouds
42,Toora-Khem,52.4675,96.11,22.51,98,100,1.19,RU,overcast clouds
43,Nouadhibou,20.931,-17.0347,67.98,77,6,8.05,MR,clear sky
44,Bardiyah,31.7561,25.0865,67.37,69,31,13.42,LY,scattered clouds
45,Geraldton,-28.7667,114.6,66.61,72,75,13.8,AU,broken clouds
46,Benghazi,32.1167,20.0667,69.94,68,10,12.8,LY,clear sky
47,Bredasdorp,-34.5322,20.0403,56.57,92,88,5.82,ZA,overcast clouds
48,Iqaluit,63.7506,-68.5145,19.13,57,75,15.01,CA,broken clouds
49,Cape Town,-33.9258,18.4232,61.12,86,100,2.3,ZA,overcast clouds
50,Paamiut,61.994,-49.6678,17.46,59,100,7.25,GL,overcast clouds
51,Carutapera,-1.195,-46.02,76.66,89,91,7.07,BR,overcast clouds
52,San Quintin,30.4833,-115.95,64.65,83,0,11.63,MX,clear sky
53,Barrow,71.2906,-156.7887,24.82,80,100,23.02,US,overcast clouds
54,Narsaq,60.9167,-46.05,32.22,77,100,6.62,GL,overcast clouds
55,Anchorage,61.2181,-149.9003,22.55,71,100,4.61,US,overcast clouds
56,Verkh-Usugli,52.7,115.1667,20.98,84,100,2.68,RU,overcast clouds
57,Brae,60.3964,-1.353,52.41,96,100,21.45,GB,light rain
58,Sungaipenuh,-2.0833,101.3833,68.29,88,100,0.89,ID,overcast clouds
59,Urucara,-2.5364,-57.76,73.11,95,81,0.81,BR,broken clouds
60,Baruun-Urt,46.6806,113.2792,30.42,38,49,11.68,MN,scattered clouds
61,Castro,-24.7911,-50.0119,51.1,90,7,5.7,BR,clear sky
62,Bor,56.3567,44.0669,33.73,97,100,8.05,RU,overcast clouds
63,Swan Hill,-35.3378,143.5544,73.99,51,2,5.99,AU,clear sky
64,Lompoc,34.6391,-120.4579,60.53,78,40,9.22,US,scattered clouds
65,Nemuro,43.3236,145.575,48.25,61,89,5.28,JP,overcast clouds
66,Norman Wells,65.282,-126.8329,3.24,85,20,9.22,CA,few clouds
67,Catalina Foothills,32.2979,-110.9187,79.09,21,0,5.75,US,clear sky
68,Uyemskiy,64.4743,40.8524,39.25,100,100,4.47,RU,overcast clouds
69,Andenes,69.3143,16.1194,40.98,70,40,17.27,NO,light intensity drizzle
70,Burnie,-41.0667,145.9167,68.94,56,7,4.74,AU,clear sky
71,Novo Aripuana,-5.1206,-60.3797,74.62,95,99,3.24,BR,moderate rain
72,Meulaboh,4.1363,96.1285,77.95,85,79,1.88,ID,broken clouds
73,Ballina,-28.8667,153.5667,64.02,98,99,5.01,AU,light rain
74,Dikson,73.5069,80.5464,5.56,95,100,7.94,RU,overcast clouds
75,East London,-33.0153,27.9116,67.39,87,100,13.65,ZA,overcast clouds
76,Nikolskoye,59.7035,30.7861,39.09,93,100,8.81,RU,overcast clouds
77,Tasiilaq,65.6145,-37.6368,30.07,97,100,5.3,GL,light snow
78,Aksu,41.1231,80.2644,41.99,42,66,1.23,CN,broken clouds
79,Marawi,7.9986,124.2928,79.3,71,28,1.52,PH,scattered clouds
80,Punta Arenas,-53.15,-70.9167,55.51,67,0,17.27,CL,clear sky
81,Atuona,-9.8,-139.0333,77.16,68,100,14.18,PF,overcast clouds
82,Balingasay,16.3573,119.8564,82.38,75,100,11.65,PH,overcast clouds
83,Ventspils,57.3894,21.5606,53.53,94,75,16.11,LV,broken clouds
84,Gilbues,-9.8317,-45.3439,75.25,70,100,2.3,BR,overcast clouds
85,Taoudenni,22.6783,-3.9836,73.98,18,96,10.49,ML,overcast clouds
86,Saint-Philippe,-21.3585,55.7679,71.19,76,37,6.8,RE,scattered clouds
87,Poum,-20.2333,164.0167,78.04,80,100,13.67,NC,light rain
88,Yarmouth,41.7057,-70.2286,68.47,56,0,21.0,US,clear sky
89,Vokhma,58.9303,46.7586,31.8,96,100,9.64,RU,overcast clouds
90,Torbay,47.6666,-52.7314,60.76,96,100,25.32,CA,light intensity drizzle
91,Souillac,-20.5167,57.5167,71.98,88,20,4.61,MU,few clouds
92,Khor,47.8861,134.9464,33.91,59,100,11.52,RU,overcast clouds
93,Saldanha,-33.0117,17.9442,59.95,87,29,6.69,ZA,scattered clouds
94,Richards Bay,-28.783,32.0377,70.21,94,90,7.27,ZA,light rain
95,Mokobeng,-22.9965,27.6678,67.01,92,100,11.01,BW,moderate rain
96,Avera,33.194,-82.5271,69.85,69,8,5.95,US,clear sky
97,Scottsbluff,41.8666,-103.6672,47.79,59,0,20.71,US,clear sky
98,Grajau,-5.8194,-46.1386,74.62,92,94,2.82,BR,moderate rain
99,Georgetown,5.4112,100.3354,80.53,92,20,5.01,MY,few clouds
100,Port Alfred,-33.5906,26.891,64.18,90,100,5.01,ZA,overcast clouds
101,Buala,-8.145,159.5921,83.77,78,64,8.52,SB,moderate rain
102,Goma,-1.6792,29.2228,61.43,89,100,3.47,CD,overcast clouds
103,Taksimo,56.3444,114.8794,19.67,94,100,3.67,RU,snow
104,Sabang,5.8933,95.3214,81.48,74,100,13.02,ID,overcast clouds
105,Taltal,-25.4,-70.4833,61.16,79,20,4.85,CL,few clouds
106,Tuktoyaktuk,69.4541,-133.0374,1.4,78,20,9.22,CA,few clouds
107,Ribeira Grande,38.5167,-28.7,62.78,76,100,7.0,PT,overcast clouds
108,Yar-Sale,66.8333,70.8333,21.06,96,100,5.66,RU,overcast clouds
109,Bondo,3.8146,23.6866,67.3,99,100,1.3,CD,overcast clouds
110,Rio Gallegos,-51.6226,-69.2181,68.05,40,75,11.5,AR,broken clouds
111,Ravar,31.2656,56.8055,53.64,43,0,4.27,IR,clear sky
112,Arraial Do Cabo,-22.9661,-42.0278,67.96,88,75,3.44,BR,moderate rain
113,Vila Franca Do Campo,37.7167,-25.4333,61.21,84,100,7.96,PT,light rain
114,Praia Da Vitoria,38.7333,-27.0667,60.76,94,75,13.24,PT,broken clouds
115,Hamilton,39.1834,-84.5333,58.75,35,0,8.05,US,clear sky
116,Severnyy,50.677,36.5532,35.64,87,0,4.47,RU,clear sky
117,Brnakot,39.497,45.9731,30.09,89,75,4.05,AM,broken clouds
118,Rawson,-43.3002,-65.1023,61.09,69,100,7.78,AR,light rain
119,Thompson,55.7435,-97.8558,-5.64,84,20,0.0,CA,few clouds
120,Gizo,-8.103,156.8419,84.04,72,88,9.22,SB,light rain
121,Jalu,29.0331,21.5482,62.73,77,0,9.89,LY,clear sky
122,Flin Flon,54.7682,-101.865,8.44,72,100,5.75,CA,light snow
123,Klaksvik,62.2266,-6.589,49.12,90,100,35.86,FO,overcast clouds
124,Farmington,36.7281,-108.2187,63.28,29,0,8.05,US,clear sky
125,Port Hardy,50.6996,-127.4199,35.78,51,20,20.71,CA,few clouds
126,Upernavik,72.7868,-56.1549,8.31,88,94,7.11,GL,overcast clouds
127,Bilibino,68.0546,166.4372,-3.55,96,66,4.03,RU,broken clouds
128,Vangaindrano,-23.35,47.6,70.21,93,100,6.26,MG,overcast clouds
129,Belize,17.25,-88.75,79.12,92,19,2.66,BZ,few clouds
130,Fairbanks,64.8378,-147.7164,19.81,71,100,0.0,US,overcast clouds
131,Evensk,61.95,159.2333,23.29,70,100,7.31,RU,overcast clouds
132,Yellowknife,62.456,-114.3525,7.32,78,75,8.05,CA,light snow
133,Zhanaozen,43.3,52.8,32.85,75,1,5.41,KZ,clear sky
134,Antofagasta,-23.65,-70.4,60.03,81,30,4.92,CL,scattered clouds
135,Slyudyanka,51.6594,103.7061,29.97,89,100,2.06,RU,light snow
136,Botou,38.0667,116.5667,51.08,37,0,3.98,CN,clear sky
137,Kodiak,57.79,-152.4072,38.71,87,100,16.11,US,moderate rain
138,Tuatapere,-46.1333,167.6833,64.83,52,91,4.97,NZ,overcast clouds
139,Darab,28.7519,54.5444,60.67,64,100,1.25,IR,overcast clouds
140,Vila Velha,-20.3297,-40.2925,73.94,79,75,4.61,BR,broken clouds
141,Acajutla,13.5928,-89.8275,79.68,79,30,1.74,SV,scattered clouds
142,Ponta Do Sol,32.6667,-17.1,68.72,86,94,3.76,PT,overcast clouds
143,Yaan,7.3833,8.5667,74.32,45,99,2.15,NG,overcast clouds
144,Khatanga,71.9667,102.5,6.37,96,100,4.85,RU,light snow
145,Comodoro Rivadavia,-45.8667,-67.5,73.26,31,40,5.75,AR,scattered clouds
146,Hobart,-42.8794,147.3294,73.27,60,0,6.91,AU,clear sky
147,Ostrovnoy,68.0531,39.5131,27.52,94,54,5.03,RU,broken clouds
148,Sumbe,-11.2061,13.8437,76.73,82,98,6.76,AO,overcast clouds
149,Abnub,27.2696,31.1511,65.03,54,96,6.22,EG,overcast clouds
150,Ambulu,-8.345,113.6058,81.14,79,94,0.92,ID,overcast clouds
151,Severo-Kurilsk,50.6789,156.125,39.72,74,78,18.03,RU,broken clouds
152,Guanhaes,-18.775,-42.9325,65.17,73,76,4.29,BR,light rain
153,Ambilobe,-13.2,49.05,71.02,76,100,5.03,MG,overcast clouds
154,Acandi,8.5063,-77.2778,77.76,87,100,3.51,CO,overcast clouds
155,Imbituba,-28.24,-48.6703,60.78,88,93,6.6,BR,overcast clouds
156,Plettenberg Bay,-34.0527,23.3716,59.45,71,0,6.82,ZA,clear sky
157,Fare,-16.7,-151.0167,78.64,75,15,8.16,PF,few clouds
158,Pandan,14.0453,124.1694,83.17,82,100,9.15,PH,moderate rain
159,Salinopolis,-0.6136,-47.3561,78.35,87,100,8.21,BR,moderate rain
160,Pasinler,39.9803,41.6764,41.99,60,100,2.21,TR,light rain
161,Margate,51.3813,1.3862,59.9,79,100,11.01,GB,overcast clouds
162,Bethel,41.3712,-73.414,68.36,21,0,8.05,US,clear sky
163,Lorengau,-2.0226,147.2712,84.69,73,100,5.73,PG,overcast clouds
164,Mahebourg,-20.4081,57.7,71.89,88,20,4.61,MU,few clouds
165,Bengkulu,-3.8004,102.2655,75.25,89,100,2.51,ID,overcast clouds
166,Dongzhen,22.3797,110.9389,72.27,76,68,3.62,CN,broken clouds
167,San Cristobal,7.7669,-72.225,71.78,96,99,2.17,VE,overcast clouds
168,Tongliao,43.6125,122.2653,43.12,29,100,12.08,CN,overcast clouds
169,Ust-Kan,50.9276,84.761,30.54,97,100,1.34,RU,light snow
170,Channel-Port Aux Basques,47.5702,-59.1367,51.62,81,94,24.72,CA,overcast clouds
171,Haines Junction,60.7522,-137.5108,-4.05,77,90,1.14,CA,overcast clouds
172,Indian Head,38.6001,-77.1622,71.08,54,0,8.05,US,clear sky
173,Talnakh,69.4865,88.3972,-3.66,100,88,5.73,RU,overcast clouds
174,Hobyo,5.3505,48.5268,79.77,74,27,6.82,SO,scattered clouds
175,Constitucion,-35.3333,-72.4167,54.97,81,100,9.89,CL,overcast clouds
176,Bud,39.447,-86.1758,55.67,38,100,8.77,US,overcast clouds
177,San Patricio,28.017,-97.5169,78.67,81,0,10.58,US,clear sky
178,Mayo,38.8876,-76.5119,70.09,58,0,4.61,US,clear sky
179,Vila,42.0304,-8.1588,54.48,93,83,9.19,PT,broken clouds
180,Sao Sebastiao,-23.76,-45.4097,64.96,89,87,3.89,BR,overcast clouds
181,Okhotsk,59.3833,143.3,8.1,66,4,20.2,RU,clear sky
182,Victoria,22.2855,114.1577,73.26,89,99,11.01,HK,overcast clouds
183,Nioro,13.35,-15.75,75.74,63,100,5.3,GM,overcast clouds
184,Narrabri,-30.3167,149.7833,71.53,59,22,5.01,AU,few clouds
185,Ixtapa,20.7,-105.2,79.83,69,0,8.05,MX,clear sky
186,Harnosand,62.6323,17.9379,39.99,92,100,11.7,SE,overcast clouds
187,Jumla,29.2747,82.1838,41.2,50,0,4.72,NP,clear sky
188,Boa Vista,2.8197,-60.6733,80.58,78,40,6.91,BR,scattered clouds
189,Coquimbo,-29.9533,-71.3436,56.93,88,100,3.44,CL,overcast clouds
190,Batalha,-9.6778,-37.1247,74.14,87,96,8.19,BR,overcast clouds
191,Saskylakh,71.9167,114.0833,-23.8,99,43,5.5,RU,scattered clouds
192,Jati,24.3539,68.2671,73.62,65,0,6.8,PK,clear sky
193,Kaeo,-35.1,173.7833,60.33,95,100,13.69,NZ,light rain
194,Inhambane,-23.865,35.3833,75.65,86,31,8.25,MZ,scattered clouds
195,Luderitz,-26.6481,15.1594,61.0,89,81,9.42,NA,broken clouds
196,Santa Isabel Do Rio Negro,-0.4139,-65.0192,73.98,97,100,0.74,BR,overcast clouds
197,Portel,-1.9356,-50.8211,74.91,94,100,2.91,BR,overcast clouds
198,Mosquera,4.7059,-74.2302,59.09,77,75,4.61,CO,light intensity drizzle
199,Ajdabiya,30.7554,20.2263,65.34,75,0,7.02,LY,clear sky
200,Tura,25.5198,90.2201,64.85,81,0,3.51,IN,clear sky
201,Cherskiy,68.75,161.3,-6.34,98,13,3.42,RU,few clouds
202,Beringovskiy,63.05,179.3167,29.71,97,100,15.19,RU,snow
203,Cabo San Lucas,22.8909,-109.9124,81.7,67,20,16.11,MX,few clouds
204,Pevek,69.7008,170.3133,1.42,95,15,1.3,RU,few clouds
205,Sitka,57.0531,-135.33,37.29,23,0,0.0,US,clear sky
206,Provideniya,64.3833,-173.3,32.11,74,100,22.37,RU,snow
207,Vallenar,-28.5708,-70.7581,65.52,60,100,2.46,CL,overcast clouds
208,New Norfolk,-42.7826,147.0587,76.71,33,20,1.01,AU,few clouds
209,Bom Jesus,-9.0744,-44.3586,77.68,68,100,1.23,BR,overcast clouds
210,Lasa,46.6166,10.7002,43.68,60,96,1.77,IT,overcast clouds
211,Sarahan,31.5167,77.8,42.22,35,0,7.45,IN,clear sky
212,Raton,36.9034,-104.4391,57.54,50,0,16.11,US,clear sky
213,Leningradskiy,69.3833,178.4167,15.48,88,100,7.02,RU,overcast clouds
214,Sobolevo,54.4299,31.8996,41.76,89,100,11.54,RU,overcast clouds
215,Kirakira,-10.4544,161.9205,84.31,77,31,8.21,SB,scattered clouds
216,Atambua,-9.1061,124.8925,84.06,60,96,1.12,ID,overcast clouds
217,Afua,-0.1567,-50.3867,73.87,97,100,1.48,BR,overcast clouds
218,Anloga,5.7947,0.8973,80.76,79,17,4.25,GH,light rain
219,Lima,-12.0432,-77.0282,66.9,74,0,9.22,PE,clear sky
220,Garowe,8.4054,48.4845,71.67,82,2,8.7,SO,clear sky
221,Ancud,-41.8697,-73.8203,53.69,95,99,3.0,CL,overcast clouds
222,Usinsk,65.9939,57.5281,25.3,96,100,13.51,RU,overcast clouds
223,Mattawa,46.7379,-119.9028,48.2,65,100,15.99,US,overcast clouds
224,Qaanaaq,77.484,-69.3632,-0.65,97,100,4.99,GL,overcast clouds
225,Tiksi,71.6872,128.8694,0.81,91,100,17.83,RU,overcast clouds
226,Husavik,66.0449,-17.3389,39.72,90,100,10.16,IS,overcast clouds
227,Luxor,25.6989,32.6421,62.65,39,0,2.3,EG,clear sky
228,Salalah,17.0151,54.0924,75.29,83,0,3.44,OM,clear sky
229,Qui Nhon,13.7667,109.2333,75.69,81,100,11.59,VN,overcast clouds
230,Chuy,-33.6971,-53.4616,58.69,83,11,9.44,UY,few clouds
231,Longyearbyen,78.2186,15.6401,24.64,80,75,14.97,SJ,broken clouds
232,Porto Torres,40.835,8.3972,55.58,82,32,6.13,IT,scattered clouds
233,Hasaki,35.7333,140.8333,63.28,54,0,14.03,JP,clear sky
234,Dod Ballapur,13.2919,77.5431,64.42,94,0,4.81,IN,clear sky
235,Huambo,-12.7761,15.7392,60.84,82,96,1.23,AO,overcast clouds
236,Wageningen,51.9667,5.6667,55.94,85,75,11.5,NL,broken clouds
237,Kaitangata,-46.2817,169.8464,56.98,72,100,6.35,NZ,overcast clouds
238,Davidson,36.1501,-86.7833,72.12,62,75,9.22,US,broken clouds
239,Kavieng,-2.5744,150.7967,84.51,69,100,5.17,PG,light rain
240,Nicolas Bravo,18.45,-88.9167,76.71,78,69,1.72,MX,broken clouds
241,Kalmunai,7.4167,81.8167,76.46,88,100,7.58,LK,overcast clouds
242,Bonthe,7.5264,-12.505,78.55,84,99,3.76,SL,overcast clouds
243,Polis,35.0367,32.4264,58.82,79,3,6.17,CY,clear sky
244,Belaya Gora,68.5333,146.4167,-17.34,95,14,5.17,RU,few clouds
245,Faya,18.3851,42.4509,57.72,86,1,3.76,SA,clear sky
246,Mitzic,0.7821,11.549,67.37,99,100,1.7,GA,moderate rain
247,Shahrud,36.4182,54.9763,37.89,74,20,5.86,IR,few clouds
248,Stornoway,58.2093,-6.3865,55.36,91,100,14.97,GB,light rain
249,Vanimo,-2.6741,141.3028,82.72,79,100,2.89,PG,overcast clouds
250,Monrovia,6.3005,-10.7969,77.81,85,100,3.94,LR,overcast clouds
251,Talara,-4.5772,-81.2719,65.16,77,75,13.8,PE,broken clouds
252,Nara,34.6851,135.8049,61.97,47,0,6.24,JP,clear sky
253,Worthington,40.0931,-83.018,54.86,36,0,5.75,US,clear sky
254,Codrington,-38.2667,141.9667,73.92,65,6,10.02,AU,clear sky
255,Jaicos,-7.3592,-41.1378,77.9,69,33,3.98,BR,scattered clouds
256,Acarau,-2.8856,-40.12,79.14,73,21,14.2,BR,few clouds
257,Songkhla,6.8333,100.6667,75.25,90,85,2.42,TH,overcast clouds
258,Curillo,1.0333,-75.9191,76.55,76,97,1.59,CO,overcast clouds
259,Griffith,41.5284,-87.4237,46.89,66,0,11.5,US,clear sky
260,Half Moon Bay,37.4636,-122.4286,56.32,74,75,17.27,US,broken clouds
261,Ketchikan,55.3422,-131.6461,32.47,27,0,11.5,US,clear sky
262,Mersing,2.4312,103.8405,76.91,94,40,3.44,MY,moderate rain
263,Keokuk,40.3973,-91.3849,50.09,46,0,6.91,US,clear sky
264,Itacoatiara,-3.1431,-58.4442,73.78,96,82,1.3,BR,broken clouds
265,Bulach,47.522,8.5405,48.34,92,40,1.14,CH,fog
266,Mbandaka,0.0487,18.2603,70.79,96,100,2.86,CD,overcast clouds
267,Naze,28.3667,129.4833,70.72,59,2,10.16,JP,clear sky
268,Namibe,-15.1961,12.1522,67.95,77,0,6.69,AO,clear sky
269,Luga,58.7372,29.8453,40.1,94,100,8.23,RU,overcast clouds
270,Coihaique,-45.5752,-72.0662,56.01,88,0,2.3,CL,clear sky
271,Sao Filipe,14.8961,-24.4956,77.99,66,100,4.18,CV,overcast clouds
272,Kudahuvadhoo,2.6708,72.8944,81.23,74,18,9.6,MV,few clouds
273,Dunedin,-45.8742,170.5036,59.31,71,83,10.83,NZ,broken clouds
274,San Jeronimo,-11.9472,-75.2829,46.99,90,100,1.88,PE,overcast clouds
275,Pacific Grove,36.6177,-121.9166,59.34,66,100,9.22,US,overcast clouds
276,Zhigansk,66.7697,123.3711,-8.39,94,100,6.29,RU,overcast clouds
277,Ankara,39.9199,32.8543,49.21,67,1,5.01,TR,clear sky
278,Leua,48.2156,18.6071,45.5,89,100,2.04,SK,overcast clouds
279,Morro Bay,35.3658,-120.8499,59.45,74,31,1.01,US,scattered clouds
280,Charters Towers,-20.1,146.2667,84.79,36,0,9.86,AU,clear sky
281,College,64.8569,-147.8028,19.8,67,100,0.0,US,overcast clouds
282,Ballitoville,-29.539,31.2144,72.16,83,100,4.61,ZA,moderate rain
283,Hualmay,-11.0964,-77.6139,64.36,82,16,6.4,PE,few clouds
284,Nishihara,26.1842,127.7558,75.25,83,100,11.5,JP,overcast clouds
285,Katsuura,35.1333,140.3,63.01,71,0,10.65,JP,clear sky
286,Batagay-Alyta,67.8006,130.4114,-1.03,88,100,2.37,RU,overcast clouds
287,Narovchat,53.8765,43.6946,33.96,94,100,6.51,RU,overcast clouds
288,Airai,-8.9266,125.4092,73.15,59,90,1.07,TL,overcast clouds
289,Grand Gaube,-20.0064,57.6608,72.0,78,13,3.0,MU,few clouds
290,Bambous Virieux,-20.3428,57.7575,71.85,88,20,4.61,MU,few clouds
291,Naryan-Mar,67.6713,53.087,32.77,98,100,11.16,RU,light snow
292,Imeni Zhelyabova,58.9544,36.5956,33.4,96,100,6.78,RU,overcast clouds
293,Santa Cruz Del Sur,20.7147,-77.9956,75.24,83,3,11.14,CU,moderate rain
294,Lavrentiya,65.5833,-171.0,28.92,97,100,21.94,RU,snow
295,Hambantota,6.1241,81.1185,75.54,100,75,2.3,LK,moderate rain
296,Vostok,46.4856,135.8833,33.49,62,28,5.86,RU,scattered clouds
297,Krasnoselkup,65.7,82.4667,20.88,96,100,6.49,RU,overcast clouds
298,Kenora,49.8167,-94.4337,29.37,86,100,5.75,CA,overcast clouds
299,Manzanillo,20.3433,-77.1167,75.33,84,28,9.8,CU,scattered clouds
300,Vikhorevka,56.1201,101.1636,24.39,84,100,8.75,RU,overcast clouds
301,Kang,-23.6752,22.7876,60.42,92,4,5.57,BW,clear sky
302,Ngunguru,-35.6167,174.5,60.46,97,100,22.66,NZ,moderate rain
303,Lebu,-37.6167,-73.65,53.76,84,100,9.55,CL,overcast clouds
304,Denpasar,-8.65,115.2167,82.06,83,20,2.3,ID,few clouds
305,Pontes E Lacerda,-15.2261,-59.3353,73.69,41,0,4.74,BR,clear sky
306,La Rioja,42.25,-2.5,37.18,60,100,6.82,ES,overcast clouds
307,Chinhoyi,-17.3667,30.2,67.77,79,100,3.06,ZW,overcast clouds
308,Dubi,50.6856,13.7856,49.26,93,30,4.97,CZ,scattered clouds
309,Faanui,-16.4833,-151.75,78.85,73,21,6.64,PF,few clouds
310,Walvis Bay,-22.9575,14.5053,61.09,94,28,6.91,NA,scattered clouds
311,Plouzane,48.3833,-4.6167,53.78,94,100,20.71,FR,overcast clouds
312,Sinnamary,5.3833,-52.95,78.3,86,100,9.33,GF,overcast clouds
313,Marigot,18.0667,-63.0833,80.38,83,40,8.05,MF,scattered clouds
314,Saint-Francois,46.4154,3.9054,41.68,93,0,0.0,FR,clear sky
315,Quatre Cocos,-20.2078,57.7625,71.71,79,60,10.96,MU,light rain
316,Kumylzhenskaya,49.8809,42.5898,36.99,77,90,5.06,RU,overcast clouds
317,Malyye Derbety,47.9547,44.6808,35.6,78,100,6.6,RU,overcast clouds
318,Esperance,-33.8667,121.9,58.84,74,100,15.46,AU,overcast clouds
319,Guerrero Negro,27.9769,-114.0611,67.51,70,87,14.0,MX,overcast clouds
320,Mount Gambier,-37.8333,140.7667,77.59,42,0,5.91,AU,clear sky
321,Lagoa,39.05,-27.9833,63.09,67,100,18.34,PT,overcast clouds
322,Sekoma,-24.4,23.8833,64.11,91,43,3.53,BW,scattered clouds
323,West Bay,19.3667,-81.4167,82.47,75,40,12.66,KY,scattered clouds
324,Sayyan,15.1718,44.3244,50.65,45,6,2.24,YE,clear sky
325,Malakal,9.5334,31.6605,75.96,62,100,3.89,SS,overcast clouds
326,Raya,27.5667,77.7833,70.81,63,5,4.41,IN,clear sky
327,Bathsheba,13.2167,-59.5167,83.01,78,20,17.27,BB,few clouds
328,Vao,-22.6667,167.4833,74.5,85,90,18.03,NC,overcast clouds
329,Los Llanos De Aridane,28.6585,-17.9182,65.95,49,0,8.05,ES,clear sky
330,Wanaka,-44.7,169.15,64.49,49,13,3.09,NZ,few clouds
331,Bozoum,6.3193,16.3799,69.91,65,100,2.91,CF,overcast clouds
332,Nago,26.5881,127.9761,76.05,74,100,10.65,JP,overcast clouds
333,Japeri,-22.6431,-43.6533,65.55,97,99,1.28,BR,overcast clouds
334,Port Lincoln,-34.7333,135.8667,79.18,41,100,15.59,AU,overcast clouds
335,Goure,13.9835,10.2704,73.18,17,5,7.56,NE,clear sky
336,Corn Island,12.1694,-83.0418,83.12,64,100,14.36,NI,overcast clouds
337,Porgera,-5.4667,143.2,52.95,82,99,3.2,PG,overcast clouds
338,Kuusamo,65.9667,29.1833,24.84,93,100,4.61,FI,overcast clouds
339,San Policarpo,12.1791,125.5072,83.34,80,100,6.73,PH,overcast clouds
340,Marrakesh,31.6315,-8.0083,64.47,48,0,3.44,MA,clear sky
341,Hidalgo,20.5,-99.0,59.32,89,1,6.78,MX,clear sky
342,Laguna,38.421,-121.4238,57.9,75,100,13.8,US,overcast clouds
343,Carauari,-4.8828,-66.8958,77.9,69,38,2.3,BR,scattered clouds
344,Istra,55.9178,36.8642,35.83,96,100,8.95,RU,overcast clouds
345,Mount Isa,-20.7333,139.5,92.97,27,0,8.05,AU,clear sky
346,Puerto Escondido,15.85,-97.0667,83.23,65,75,5.75,MX,broken clouds
347,Luganville,-15.5333,167.1667,84.96,70,49,11.99,VU,scattered clouds
348,Russell,32.3502,-85.1999,74.43,83,0,0.0,US,clear sky
349,Mogadishu,2.0371,45.3438,77.74,81,11,7.36,SO,few clouds
350,Bangaon,23.0667,88.8167,71.19,72,2,1.77,IN,clear sky
351,Kemijarvi,66.7131,27.4306,22.89,98,35,1.68,FI,scattered clouds
352,Sendhwa,21.6833,75.1,71.55,43,99,0.96,IN,overcast clouds
353,Chapais,49.7834,-74.8492,29.98,83,100,16.31,CA,overcast clouds
354,Moose Factory,51.2585,-80.6094,32.0,80,100,17.27,CA,overcast clouds
355,Rockhampton,-23.3833,150.5,76.89,53,40,10.36,AU,scattered clouds
356,Alikalia,9.1667,-11.4,70.05,96,100,0.36,SL,light rain
357,Meiktila,20.8667,95.8667,69.84,74,0,4.7,MM,clear sky
358,Dromolaxia,34.8761,33.586,60.46,88,20,8.05,CY,few clouds
359,Mayumba,-3.432,10.6554,76.8,90,38,5.5,GA,light rain
360,Abu Samrah,35.3029,37.1841,56.7,82,100,2.53,SY,overcast clouds
361,Alekseyevsk,57.8406,108.3492,23.38,90,100,12.55,RU,light snow
362,Albenga,44.0529,8.216,62.89,76,0,7.0,IT,clear sky
363,Rudnogorsk,57.2639,103.7519,21.0,87,100,11.05,RU,overcast clouds
364,Inuvik,68.3499,-133.7218,6.01,72,20,5.75,CA,few clouds
365,Saint-Pierre,-21.3393,55.4781,71.28,68,0,6.91,RE,clear sky
366,Gimli,50.6336,-96.9907,28.42,80,97,8.05,CA,overcast clouds
367,Bitung,1.4451,125.1824,81.45,68,54,1.39,ID,broken clouds
368,Ozernovskiy,51.5,156.5167,36.99,98,100,17.54,RU,light rain
369,Te Anau,-45.4167,167.7167,65.14,49,55,5.99,NZ,broken clouds
370,San Isidro,-12.1167,-77.05,68.02,75,0,9.22,PE,clear sky
371,Darhan,49.4867,105.9228,30.54,56,57,2.77,MN,broken clouds
372,Fortuna,40.5982,-124.1573,48.65,91,93,4.0,US,overcast clouds
373,Oyama,36.3,139.8,59.59,46,0,2.06,JP,clear sky
374,Mitsamiouli,-11.3847,43.2844,77.29,82,1,12.8,KM,clear sky
375,Rabo De Peixe,37.8,-25.5833,60.31,97,40,5.75,PT,scattered clouds
376,Tecoanapa,16.5167,-98.75,80.55,84,16,6.35,MX,few clouds
377,Porbandar,21.6422,69.6093,75.9,64,4,8.12,IN,clear sky
378,Balboa,2.0396,-77.2168,61.2,97,100,2.39,CO,light rain
379,Itaueira,-7.6033,-43.0256,80.17,61,100,4.03,BR,overcast clouds
380,Oistins,13.0667,-59.5333,82.49,78,20,17.27,BB,few clouds
381,Beloha,-25.1667,45.05,71.11,84,14,3.78,MG,few clouds
382,Grand-Lahou,5.1367,-5.0242,77.77,85,62,4.32,CI,broken clouds
383,Auki,-8.7676,160.7034,83.93,72,20,6.4,SB,few clouds
384,Hofn,64.2539,-15.2082,43.77,92,100,27.04,IS,overcast clouds
385,Diffa,13.3154,12.6113,75.72,21,8,8.59,NE,clear sky
386,Padang,-0.9492,100.3543,75.25,80,100,2.08,ID,overcast clouds
387,Pisco,-13.7,-76.2167,62.65,82,0,11.5,PE,clear sky
388,Calvinia,-31.4707,19.776,58.15,49,0,3.15,ZA,clear sky
389,Saint-Augustin,51.226,-58.6502,48.76,77,99,19.1,CA,light rain
390,Kukes,42.0769,20.4219,51.69,85,8,1.88,AL,clear sky
391,Ahipara,-35.1667,173.1667,61.18,91,90,14.52,NZ,overcast clouds
392,Guanica,17.9716,-66.908,80.98,92,57,8.16,PR,broken clouds
393,Karaton,-6.3424,106.1045,75.06,92,100,0.43,ID,light rain
394,Maceio,-9.6658,-35.7353,74.64,94,20,4.61,BR,few clouds
395,Sorland,67.667,12.6934,42.66,66,7,21.94,NO,clear sky
396,Gazojak,41.1875,61.4036,38.43,64,87,9.26,TM,overcast clouds
397,Willowmore,-33.2926,23.4895,59.79,80,28,3.8,ZA,scattered clouds
398,Semnan,35.5729,53.3971,47.21,57,97,4.88,IR,overcast clouds
399,Atakpame,7.5333,1.1333,73.24,70,100,2.57,TG,overcast clouds
400,Orodara,10.9492,-4.9342,70.48,28,42,4.21,BF,scattered clouds
401,Gwadar,25.1216,62.3254,78.8,70,0,4.27,PK,clear sky
402,Korla,41.7597,86.1469,44.38,42,7,3.6,CN,clear sky
403,Teguldet,57.3064,88.1667,19.17,99,78,2.89,RU,broken clouds
404,Isiro,2.7739,27.616,66.18,99,100,2.51,CD,light rain
405,Ambatondrazaka,-17.8333,48.4167,58.01,91,6,1.95,MG,clear sky
406,Cockburn Town,21.4612,-71.1419,78.76,78,75,9.22,TC,broken clouds
407,Kirksville,40.1948,-92.5833,47.05,44,0,8.05,US,clear sky
408,Erenhot,43.6475,111.9767,36.43,30,18,9.57,CN,few clouds
409,Christchurch,-43.5333,172.6333,64.6,63,75,6.91,NZ,broken clouds
410,Severnoye,56.3491,78.3619,19.99,99,62,1.01,RU,broken clouds
411,Bam,29.106,58.357,62.15,34,0,7.7,IR,clear sky
412,Tungor,53.3808,142.9564,25.0,59,89,16.91,RU,overcast clouds
413,Aklavik,68.2191,-135.0107,-0.4,85,40,3.44,CA,scattered clouds
414,Shupiyan,33.7167,74.8333,36.54,78,20,2.26,IN,few clouds
415,Manjacaze,-24.7117,33.8828,70.25,97,100,4.72,MZ,overcast clouds
416,Riachao Das Neves,-11.7461,-44.91,72.86,76,95,0.94,BR,overcast clouds
417,Yafran,32.0633,12.5286,52.66,73,0,3.51,LY,clear sky
418,Mayor Pablo Lagerenza,-19.9309,-60.7718,76.51,32,0,3.44,PY,clear sky
419,Miraflores,19.2167,-98.8083,71.02,61,6,4.12,MX,clear sky
420,Sikeston,36.8767,-89.5879,62.91,45,100,9.22,US,overcast clouds
421,North Bend,43.4065,-124.2243,46.17,91,20,12.66,US,few clouds
422,Todos Santos,23.45,-110.2167,73.65,69,2,6.87,MX,clear sky
423,Sarrebourg,48.7333,7.05,45.81,80,100,5.91,FR,overcast clouds
424,Agadez,19.75,10.25,64.63,23,0,11.59,NE,clear sky
425,Stawell,-37.05,142.7667,71.28,64,6,10.71,AU,clear sky
426,Myaundzha,63.0494,147.1858,-6.29,96,100,3.09,RU,overcast clouds
427,Kutum,14.2,24.6667,66.61,28,4,7.4,SD,clear sky
428,Kasempa,-13.4584,25.8338,61.2,95,100,4.05,ZM,overcast clouds
429,Safford,32.834,-109.7076,77.92,18,0,9.22,US,clear sky
430,Umea,63.8284,20.2597,33.91,100,100,10.36,SE,overcast clouds
431,Clarence Town,-32.5833,151.7833,74.14,58,44,8.57,AU,light rain
432,Oranjemund,-28.55,16.4333,59.36,93,69,8.63,NA,broken clouds
433,Cabedelo,-6.9811,-34.8339,79.47,75,61,8.75,BR,broken clouds
434,Mahibadhoo,3.7833,72.9667,81.7,72,8,10.89,MV,clear sky
435,Tripoli,32.8752,13.1875,67.17,60,0,1.77,LY,clear sky
436,Gumdag,39.2061,54.5906,40.98,51,0,13.0,TM,clear sky
437,Suntar,62.1444,117.6319,15.55,95,100,3.27,RU,light snow
438,Kuala Terengganu,5.3302,103.1408,83.98,94,40,0.0,MY,moderate rain
439,Oneonta,42.4529,-75.0638,49.1,59,0,12.77,US,clear sky
440,Barahona,18.2085,-71.1008,76.64,81,1,4.05,DO,clear sky
441,Caravelas,-17.7125,-39.2481,70.07,74,100,4.85,BR,overcast clouds
442,Fort Nelson,58.8053,-122.7002,4.59,66,0,3.44,CA,clear sky
443,Bandipur,27.9333,84.4167,53.69,82,100,2.21,NP,overcast clouds
444,Coffs Harbour,-30.3,153.1333,72.14,68,40,5.75,AU,scattered clouds
445,Tambun,-6.2641,107.0712,83.03,76,100,1.97,ID,light rain
446,Sibolga,1.7427,98.7792,78.08,81,100,1.72,ID,overcast clouds
447,Itaituba,-4.2761,-55.9836,73.62,97,93,1.34,BR,overcast clouds
448,Acapulco,16.8634,-99.8901,82.22,83,40,8.05,MX,scattered clouds
449,Nguruka,-5.1092,31.0419,65.48,93,57,1.14,TZ,light rain
450,Puerto Del Rosario,28.5004,-13.8627,71.35,88,100,11.5,ES,overcast clouds
451,Seminole,28.7086,-81.2081,77.05,91,20,9.22,US,few clouds
452,Egvekinot,66.3167,-179.1667,19.4,87,100,15.95,RU,overcast clouds
453,Lazaro Cardenas,17.9583,-102.2,78.76,83,1,6.15,MX,clear sky
454,Cairns,-16.9167,145.7667,90.07,66,100,12.66,AU,overcast clouds
455,Atbasar,51.8,68.3333,22.03,95,27,5.37,KZ,scattered clouds
456,Muzhi,65.3667,64.6667,15.94,94,81,5.26,RU,broken clouds
457,Raudeberg,61.9875,5.1352,45.27,62,29,10.6,NO,scattered clouds
458,Kikwit,-5.041,18.8162,69.49,98,100,0.76,CD,light rain
459,Sandpoint,48.2766,-116.5533,25.86,81,100,18.41,US,overcast clouds
460,Ausa,41.9271,2.2497,58.28,87,100,3.47,ES,overcast clouds
461,Crib Point,-38.35,145.2,82.26,66,0,4.9,AU,clear sky
462,Calama,-22.4667,-68.9333,63.09,12,0,16.11,CL,clear sky
463,Bubaque,11.2833,-15.8333,83.77,64,99,12.57,GW,overcast clouds
464,Nikel,69.4128,30.222,28.58,91,100,3.33,RU,overcast clouds
465,Kieta,-6.2167,155.6333,84.97,73,28,8.72,PG,light rain
466,Vestmanna,62.1564,-7.1664,47.32,87,100,34.52,FO,overcast clouds
467,Palmer,42.1584,-72.3287,62.15,46,0,10.16,US,clear sky
468,Omsukchan,62.5333,155.8,10.51,93,100,4.29,RU,overcast clouds
469,Anadyr,64.75,177.4833,27.1,100,75,15.66,RU,light snow
470,Beckley,37.7782,-81.1882,61.21,41,0,8.05,US,clear sky
471,Bartica,6.4,-58.6167,77.32,97,100,1.66,GY,moderate rain
472,Brasileia,-11.0161,-68.7481,80.1,40,0,1.23,BR,clear sky
473,Port-Gentil,-0.7193,8.7815,79.23,83,100,10.78,GA,overcast clouds
474,Dingle,10.9995,122.6711,83.75,79,96,8.25,PH,overcast clouds
475,Kribi,2.95,9.9167,77.99,90,100,6.51,CM,overcast clouds
476,Powell River,49.8496,-124.5361,39.2,87,75,2.3,CA,broken clouds
477,Port Blair,11.6667,92.75,78.84,89,100,2.3,IN,drizzle
478,Rocha,-34.4833,-54.3333,53.26,94,0,5.82,UY,clear sky
479,Hay River,60.8156,-115.7999,3.18,72,40,4.61,CA,scattered clouds
480,Ayan,56.45,138.1667,13.77,54,100,13.89,RU,overcast clouds
481,Yulara,-25.2406,130.9889,92.34,21,89,16.78,AU,overcast clouds
482,Vestmannaeyjar,63.4427,-20.2734,43.66,83,100,18.12,IS,light rain
483,Oga,46.4631,10.347,37.02,72,42,3.24,IT,scattered clouds
484,Sakaiminato,35.55,133.2333,55.38,88,40,8.05,JP,scattered clouds
485,Hurghada,27.2574,33.8129,71.96,35,88,13.67,EG,overcast clouds
486,Lermontovka,47.1453,134.3383,36.23,53,95,6.8,RU,overcast clouds
487,Guaruja,-23.9931,-46.2564,67.73,69,97,6.64,BR,overcast clouds
488,Bayanday,53.0661,105.5139,25.99,70,91,7.0,RU,overcast clouds
489,Voyinka,45.8699,33.9914,41.32,87,62,9.46,UA,broken clouds
490,Cochabamba,-17.3895,-66.1568,65.95,37,75,13.8,BO,broken clouds
491,Forio,40.7342,13.8646,59.52,58,0,2.91,IT,clear sky
492,Ust-Tsilma,65.441,52.1498,32.38,98,100,5.53,RU,light snow
493,Pangnirtung,66.1451,-65.7125,5.43,61,55,6.15,CA,broken clouds
494,Amga,60.8953,131.9608,-1.53,89,100,3.22,RU,overcast clouds
495,Nicoya,10.1483,-85.452,74.01,94,100,1.95,CR,overcast clouds
496,Solnechnyy,50.7214,136.6319,30.27,51,100,2.48,RU,light snow
497,Bondoukou,8.0333,-2.8,73.51,61,68,0.58,CI,broken clouds
498,Yonibana,8.4447,-12.245,73.96,95,100,2.46,SL,overcast clouds
499,Kuzino,57.0224,59.4412,27.27,89,100,8.48,RU,overcast clouds
500,Vorontsovka,50.6132,40.3549,34.07,81,91,5.19,RU,overcast clouds
501,Benjamin Constant,-4.3831,-70.0311,78.93,68,9,0.74,BR,clear sky
502,Sal Rei,16.1833,-22.9167,78.19,66,100,11.1,CV,overcast clouds
503,Barberton,-25.7884,31.0532,69.17,96,100,1.43,ZA,overcast clouds
504,Ust-Kuyga,70.0167,135.6,1.85,97,100,5.73,RU,overcast clouds
505,Mar Del Plata,-38.0023,-57.5575,63.09,88,0,15.01,AR,clear sky
506,Umm Kaddadah,13.6017,26.6876,74.53,21,96,16.02,SD,overcast clouds
507,Portland,45.5234,-122.6762,43.84,91,100,7.0,US,overcast clouds
508,Alofi,-19.0595,-169.9187,80.49,65,75,13.8,NU,broken clouds
509,Arkhara,49.4212,130.0842,30.9,59,72,4.0,RU,broken clouds
510,Coos Bay,43.3665,-124.2179,46.24,92,20,12.66,US,few clouds
511,Cedar City,37.6775,-113.0619,54.57,41,0,23.02,US,clear sky
512,Wamba,8.9333,8.6,72.3,41,55,4.05,NG,broken clouds
513,Itoman,26.1247,127.6694,75.97,81,75,11.5,JP,broken clouds
514,Dauphin,51.1494,-100.0502,21.34,86,100,11.5,CA,overcast clouds
515,Huron,41.1501,-82.5499,52.68,57,43,8.81,US,scattered clouds
516,Kahului,20.8947,-156.47,87.82,63,0,24.16,US,clear sky
517,Belen,36.4891,36.2233,50.14,100,75,3.44,TR,broken clouds
518,Bogale,16.2833,95.4,74.64,86,60,4.88,MM,broken clouds
519,Puerto Cabezas,14.0351,-83.3888,76.69,83,82,8.14,NI,broken clouds
520,Akyab,20.15,92.9,74.46,82,69,5.82,MM,broken clouds
521,Ishigaki,24.3448,124.1572,80.73,83,75,17.27,JP,broken clouds
522,Tirlyanskiy,54.2109,58.5806,22.57,95,100,3.36,RU,overcast clouds
523,Sarangani,5.4033,125.4636,82.65,74,92,1.25,PH,overcast clouds
524,Severo-Yeniseyskiy,60.3725,93.0408,14.92,94,100,5.95,RU,overcast clouds
525,Coahuayana,18.7333,-103.6833,75.52,92,15,2.84,MX,few clouds
526,Grabovo,53.3875,45.064,35.53,34,100,5.77,RU,overcast clouds
527,Russkaya Polyana,49.417,31.9201,37.58,72,21,6.62,UA,few clouds
528,Rychnov Nad Kneznou,50.1628,16.2749,48.29,90,37,5.88,CZ,scattered clouds
529,Strezhevoy,60.7333,77.5889,24.3,93,100,7.27,RU,overcast clouds
530,Kruisfontein,-34.0033,24.7314,56.61,84,93,5.35,ZA,overcast clouds
531,Palafrugell,41.9174,3.1631,64.45,54,38,1.01,ES,scattered clouds
532,Port Hawkesbury,45.6169,-61.3485,61.72,91,0,21.85,CA,clear sky
533,North Platte,41.1239,-100.7654,48.09,35,0,11.99,US,clear sky
534,Loveland,40.3978,-105.075,50.43,53,0,5.01,US,clear sky
535,Champerico,14.3,-91.9167,75.74,79,100,3.09,GT,moderate rain
536,Luau,-10.7073,22.2247,63.91,98,100,2.91,AO,overcast clouds
537,Kristinehamn,59.3098,14.1081,39.76,90,19,8.93,SE,few clouds
538,Yumen,40.2833,97.2,36.81,36,51,1.95,CN,broken clouds
539,Berbera,10.4396,45.0143,79.07,79,0,3.22,SO,clear sky
540,Xuddur,4.1213,43.8894,70.88,90,33,8.88,SO,scattered clouds
541,Vagur,61.4732,-6.8119,48.85,91,100,35.9,FO,light rain
542,Caohai,26.8661,104.2841,48.61,89,93,6.26,CN,overcast clouds
543,Yerbogachen,61.2767,108.0108,17.47,96,100,6.42,RU,overcast clouds
544,Ranong,9.9658,98.6348,75.13,89,100,4.47,TH,overcast clouds
545,Clyde River,70.4692,-68.5914,12.43,67,75,6.91,CA,broken clouds
546,Kavaratti,10.5669,72.642,81.57,71,1,5.06,IN,clear sky
547,Nador,35.174,-2.9287,62.85,72,0,2.3,MA,clear sky
548,Aykhal,66.0,111.5,-4.88,100,99,2.91,RU,overcast clouds
549,Pacifica,37.6138,-122.4869,56.57,76,75,11.5,US,broken clouds
550,Callaguip,18.0714,120.4867,78.82,89,75,2.3,PH,broken clouds
551,Trelew,-43.249,-65.3051,65.84,51,100,4.34,AR,overcast clouds
552,Kulhudhuffushi,6.6221,73.07,81.07,76,17,8.57,MV,few clouds
553,Agde,43.3108,3.4758,65.95,92,100,14.97,FR,overcast clouds
554,Moron,-34.6534,-58.6198,68.0,81,0,8.48,AR,clear sky
555,Quang Ngai,15.1167,108.8,75.29,79,97,6.62,VN,overcast clouds
556,Rio Grande,-32.035,-52.0986,62.71,76,67,15.28,BR,broken clouds
557,Moyale,3.5167,39.0584,68.68,70,100,6.17,KE,overcast clouds
558,Srednekolymsk,67.45,153.6833,-3.86,99,100,8.39,RU,overcast clouds
559,Barraute,48.4335,-77.6328,35.87,70,12,12.64,CA,few clouds
560,Ossora,59.2353,163.0719,29.46,92,100,6.93,RU,light snow
561,Andradas,-22.0681,-46.5692,57.07,90,0,3.87,BR,clear sky
562,Erzin,36.9559,36.2,60.39,73,100,2.82,TR,overcast clouds
563,Elbistan,38.2059,37.1983,47.82,80,100,3.44,TR,overcast clouds
564,Krasnyye Baki,57.131,45.1599,33.49,94,100,7.74,RU,overcast clouds
565,Koroni,36.8,21.95,61.07,66,0,5.84,GR,clear sky
566,Enumclaw,47.2043,-121.9915,43.25,91,100,1.99,US,overcast clouds
567,Mackay,-21.15,149.2,80.69,60,0,15.3,AU,clear sky
568,Beyneu,45.3167,55.2,32.5,76,6,5.21,KZ,clear sky
569,Marsa Matruh,31.3525,27.2453,68.58,67,3,13.4,EG,clear sky
570,Port Hedland,-20.3167,118.5667,77.05,44,0,14.97,AU,clear sky
571,Durban,-29.8579,31.0292,72.91,96,100,3.0,ZA,moderate rain
572,Lafiagi,8.8667,5.4167,75.99,48,100,2.26,NG,overcast clouds
573,Asau,46.4333,26.4,42.28,83,100,3.44,RO,overcast clouds
574,Ulagan,50.6321,87.9563,32.88,90,100,2.46,RU,light snow
575,Abu Dhabi,24.4667,54.3667,78.82,76,0,5.75,AE,clear sky
576,Cukai,4.25,103.4167,80.01,86,62,5.46,MY,broken clouds
577,Eureka,40.8021,-124.1637,48.92,89,100,5.99,US,overcast clouds
578,Houma,29.5958,-90.7195,77.0,90,0,5.75,US,clear sky
579,San Pedro,14.35,121.0167,81.63,83,75,2.3,PH,broken clouds
580,Bahia Blanca,-38.7196,-62.2724,73.11,31,15,14.85,AR,few clouds
581,Vakhrushev,48.9833,142.9667,38.19,55,30,10.85,RU,scattered clouds
582,Ulladulla,-35.35,150.4667,70.07,57,4,11.86,AU,clear sky
583,Ilulissat,69.2167,-51.1,-7.53,88,15,6.51,GL,few clouds
584,Zhoucheng,35.9122,116.3117,57.07,45,0,3.56,CN,clear sky
585,Olga,43.7444,135.2892,42.69,56,3,8.88,RU,clear sky
586,Edgewater,28.9889,-80.9023,77.02,78,40,11.5,US,scattered clouds
587,Santa Maria,-29.6842,-53.8069,61.9,67,0,10.36,BR,clear sky
588,Pangkalanbuun,-2.6833,111.6167,73.58,96,100,3.42,ID,light rain
589,Berlevag,70.8578,29.0864,33.8,86,75,8.05,NO,broken clouds
590,Axim,4.8699,-2.2405,78.06,86,100,4.07,GH,overcast clouds
591,Simao,22.7886,100.9748,60.12,68,0,0.29,CN,clear sky
592,Bima,-8.4667,118.7167,82.69,75,100,3.94,ID,overcast clouds
593,Pouebo,-20.4,164.5667,80.4,74,99,9.89,NC,light rain
594,Jiazi,22.8779,116.067,71.56,81,100,12.35,CN,overcast clouds
595,Guigue,10.0853,-67.7792,72.28,93,98,2.64,VE,overcast clouds
596,Igunga,-4.2833,33.8833,76.23,52,84,6.67,TZ,broken clouds
597,Gat,31.61,34.7642,66.78,20,7,7.54,IL,clear sky
598,Juwana,-6.715,111.1514,78.49,85,100,1.25,ID,overcast clouds
599,Makaha,21.4694,-158.2175,85.91,57,40,13.8,US,scattered clouds
600,Boende,-0.2167,20.8667,70.12,98,100,2.39,CD,overcast clouds
601,Laredo,27.5064,-99.5075,86.25,65,20,12.66,US,few clouds
602,Piacabucu,-10.4056,-36.4344,75.34,90,31,6.78,BR,scattered clouds
603,Muros,42.7762,-9.0603,60.67,89,100,17.85,ES,overcast clouds
604,Kamina,-8.7386,24.9906,63.46,85,100,1.66,CD,overcast clouds
605,Georgiyevka,43.0369,74.7114,41.04,100,75,2.24,KZ,light intensity shower rain
606,Panorama,40.5878,23.0315,59.09,83,0,4.61,GR,clear sky
607,Byron Bay,-28.65,153.6167,64.71,83,100,5.21,AU,overcast clouds
608,Karema,-6.8205,30.4389,70.86,84,82,3.53,TZ,light rain
609,San Luis,-33.295,-66.3356,71.89,32,6,8.39,AR,clear sky
610,Casambalangan,18.3765,122.1274,80.28,82,51,7.72,PH,moderate rain
611,Baguanos,20.7517,-76.0269,77.29,88,0,3.24,CU,clear sky
612,Miri,4.4148,114.0089,80.74,89,40,3.44,MY,scattered clouds
613,Kloulklubed,7.0419,134.2556,84.7,70,100,4.56,PW,overcast clouds
614,Nocupetaro,19.05,-101.15,76.28,71,0,1.07,MX,clear sky
615,Swellendam,-34.0226,20.4417,58.53,82,76,1.81,ZA,broken clouds
616,Tambacounda,13.7539,-13.7586,75.25,78,0,2.3,SN,clear sky
617,Svetlyy,54.675,20.1347,50.05,86,100,15.75,RU,overcast clouds
618,Misratah,32.3754,15.0925,69.15,63,21,9.46,LY,few clouds
619,Scarborough,54.2797,-0.4044,55.17,87,100,5.99,GB,overcast clouds
620,Havre-Saint-Pierre,50.2334,-63.5986,42.8,93,75,21.85,CA,broken clouds
621,Vostochnyy,55.8167,37.8667,36.99,94,100,8.46,RU,overcast clouds
622,Tingo Maria,-9.2895,-76.0088,70.74,87,44,2.64,PE,scattered clouds
623,Weihai,37.5017,122.1136,56.98,66,0,2.44,CN,clear sky
624,Cedar Rapids,42.0083,-91.6441,44.13,60,0,9.22,US,clear sky
625,Samfya,-11.3649,29.5565,67.8,83,100,3.8,ZM,overcast clouds
626,Turukhansk,65.8167,87.9833,17.8,96,100,11.52,RU,light snow
627,Shingu,33.7333,135.9833,66.07,47,0,3.02,JP,clear sky
628,Washington,47.5001,-120.5015,39.34,79,100,4.34,US,overcast clouds
629,Magadan,59.5667,150.8,22.51,85,100,29.86,RU,snow
630,Leshan,29.5623,103.7639,61.43,90,99,0.92,CN,overcast clouds
631,Aleysk,52.4926,82.7822,27.5,80,100,3.87,RU,overcast clouds
632,Cayenne,4.9333,-52.3333,75.24,94,0,2.3,GF,clear sky
633,Adrar,20.5022,-10.0711,75.29,16,0,8.28,MR,clear sky
634,Awbari,26.5921,12.7805,57.31,45,0,5.14,LY,clear sky
635,Angoram,-4.0625,144.0661,79.09,92,99,4.43,PG,overcast clouds
636,Maxixe,-23.8597,35.3472,74.79,87,39,7.11,MZ,scattered clouds
637,Tucuman,-26.8241,-65.2226,80.6,32,75,4.61,AR,broken clouds
638,Ukiah,39.1502,-123.2078,49.15,91,100,3.44,US,moderate rain
639,Mukhen,48.1,136.1,35.8,59,48,9.93,RU,scattered clouds
640,Honningsvag,70.9821,25.9704,40.75,70,75,5.75,NO,broken clouds
641,Aasiaat,68.7098,-52.8699,1.72,99,94,7.09,GL,overcast clouds
642,Manggar,-2.8833,108.2667,78.66,83,100,2.77,ID,overcast clouds
643,Namatanai,-3.6667,152.4333,83.77,72,98,5.39,PG,light rain
644,Arinos,-15.9169,-46.1056,71.01,79,100,1.81,BR,light rain
645,Minab,27.1467,57.0801,76.91,71,29,6.06,IR,light rain
646,Pemberton,50.3164,-122.8027,26.29,82,97,6.82,CA,overcast clouds
647,Privodino,61.0781,46.5044,35.02,93,100,9.62,RU,overcast clouds
648,Chimoio,-19.1164,33.4833,66.83,93,100,2.73,MZ,overcast clouds
649,Ottumwa,41.02,-92.4113,45.9,58,0,9.22,US,clear sky
650,Nanuque,-17.8392,-40.3539,68.47,77,100,6.49,BR,overcast clouds
651,Roebourne,-20.7833,117.1333,75.52,41,0,13.69,AU,clear sky
652,Tailai,46.3833,123.4,38.79,36,100,8.68,CN,overcast clouds
653,Gambela,8.25,34.5833,74.41,65,100,3.53,ET,overcast clouds
654,Nyaunglebin,17.95,96.7333,72.27,84,100,2.89,MM,overcast clouds
655,Kendari,-3.945,122.4989,83.39,74,100,2.91,ID,overcast clouds
656,Athabasca,54.7169,-113.2854,5.41,93,100,11.23,CA,light snow
657,Sabancuy,18.9667,-91.1833,78.33,72,6,10.18,MX,clear sky
658,Iralaya,15.0,-83.2333,78.22,80,5,9.78,HN,clear sky
659,Del Rio,29.3627,-100.8968,84.24,57,0,7.0,US,clear sky
660,Bakel,14.905,-12.4568,86.22,21,41,7.25,SN,scattered clouds
661,San Matias,-16.3667,-58.4,76.68,34,0,2.13,BO,clear sky
662,Conde,-7.2597,-34.9075,78.26,78,20,5.75,BR,few clouds
663,Zhongxing,33.7039,118.6792,57.06,66,7,9.64,CN,clear sky
664,Pierre,44.3683,-100.351,42.06,48,0,32.01,US,clear sky
665,Douglas,41.3,-96.167,47.66,40,0,12.66,US,clear sky
666,Noshiro,40.2039,140.0242,45.43,89,100,10.74,JP,light rain
667,Yangambi,0.8102,24.4336,68.31,99,100,1.28,CD,overcast clouds
668,Jiexiu,37.0244,111.9125,49.23,45,93,2.44,CN,overcast clouds
669,Camacha,33.0833,-16.3333,62.02,100,20,2.3,PT,few clouds
670,Gaoua,10.2992,-3.2508,72.5,27,11,2.77,BF,few clouds
671,Mudgee,-32.5943,149.5871,66.61,54,52,4.43,AU,broken clouds
672,Iracoubo,5.4802,-53.2011,77.41,88,100,7.36,GF,overcast clouds
673,Kathu,7.9178,98.3332,83.75,86,100,10.58,TH,overcast clouds
674,Shankargarh,25.1833,81.6167,66.25,60,100,4.43,IN,overcast clouds
675,Guangyuan,32.442,105.823,59.79,89,100,2.55,CN,overcast clouds
676,Komsomolskiy,40.4272,71.7189,48.92,81,75,4.61,UZ,light intensity shower rain
677,Kholmogory,64.2229,41.656,36.37,98,100,5.37,RU,overcast clouds
678,Miracema Do Tocantins,-9.5618,-48.3967,74.75,91,100,3.24,BR,overcast clouds
679,Le Port,-20.9373,55.2919,71.6,76,3,3.65,RE,clear sky
680,Along,28.1667,94.7667,60.69,83,3,1.14,IN,clear sky
681,Miles City,46.4083,-105.8406,34.77,51,100,13.8,US,overcast clouds
682,Buin,-33.7333,-70.75,75.43,60,100,2.55,CL,overcast clouds
683,Mutis,6.2262,-77.4044,76.73,86,65,4.9,CO,broken clouds
684,Kangaatsiaq,68.3065,-53.4641,14.09,87,86,8.9,GL,overcast clouds
685,Polunochnoye,60.8697,60.4153,25.38,93,100,2.95,RU,overcast clouds
686,Humboldt,40.6665,-123.9178,39.85,97,100,5.32,US,moderate rain
687,Parana,-31.732,-60.5238,75.54,56,2,17.34,AR,clear sky
688,Maldonado,-34.6667,-54.9167,60.19,93,0,7.45,UY,clear sky
689,Surt,31.2089,16.5887,69.37,67,14,7.14,LY,few clouds
690,Gijon,43.5357,-5.6615,66.45,69,100,3.0,ES,overcast clouds
691,Daud Khel,32.875,71.5701,65.43,59,4,3.36,PK,clear sky
692,Pestretsy,55.7531,49.6545,32.14,97,100,7.07,RU,overcast clouds
693,Larsnes,62.2028,5.5773,48.45,83,5,7.94,NO,clear sky
694,Harper,4.375,-7.7169,78.49,83,100,6.11,LR,overcast clouds
695,Chabahar,25.2919,60.643,79.11,77,6,9.17,IR,light rain
696,San Carlos De Bariloche,-41.1456,-71.3082,60.55,44,0,18.41,AR,clear sky
697,Troitsko-Pechorsk,62.7084,56.1964,26.4,96,100,7.16,RU,overcast clouds
698,Krasnogvardeyskiy,57.3793,62.3195,23.72,95,100,6.06,RU,overcast clouds
699,Vaitape,-16.5167,-151.75,78.82,73,21,6.69,PF,few clouds
700,Tonantins,-2.8731,-67.8022,73.72,94,57,2.89,BR,broken clouds
701,Concepcion,-36.827,-73.0498,60.6,88,0,5.75,CL,clear sky
702,Aswan,24.0934,32.907,66.83,34,0,8.34,EG,clear sky
